{"cameraMode":{"drawMode":0,"name":"Shaded","section":"Shading Mode"},"sceneLighting":false,"audioPlay":false,"sceneViewState":{"showFog":false,"showMaterialUpdate":false,"showSkybox":false,"showFlares":false,"showImageEffects":true,"showParticleSystems":false},"in2DMode":false,"pivot":{"x":-0.10572361946105957,"y":0.04471302032470703,"z":-3.8549046516418459},"rotation":{"x":-0.04940767213702202,"y":-0.05390780791640282,"z":0.0026706296484917404,"w":-0.997319221496582},"size":19.392826080322267,"orthographic":true}