{"cameraMode":{"drawMode":0,"name":"Shaded","section":"Shading Mode"},"sceneLighting":false,"audioPlay":false,"sceneViewState":{"showFog":false,"showMaterialUpdate":false,"showSkybox":false,"showFlares":false,"showImageEffects":true,"showParticleSystems":false},"in2DMode":false,"pivot":{"x":-0.10572361946105957,"y":0.04471302032470703,"z":-3.8549046516418459},"rotation":{"x":-0.0014998975675553084,"y":0.011999542824923993,"z":-0.000017987935279961675,"w":-0.9999269247055054},"size":23.126304626464845,"orthographic":true}